{"epochs": 5, "train_acc": 0.8233703703703704, "train_loss": 3.870995758503452, "val_acc": 0.8263333333333334, "val_loss": 3.868731642042756, "_timestamp": 1678541164.3201842, "_runtime": 11.414478302001953, "_step": 4, "_wandb": {"runtime": 10}}