{"epochs": 5, "train_acc": 0.854537037037037, "train_loss": 4.164761915427804, "val_acc": 0.8496666666666667, "val_loss": 4.1762723888552715, "_timestamp": 1678541204.356211, "_runtime": 29.374279022216797, "_step": 4, "_wandb": {"runtime": 28}}